Product,Product Type
iPhone,Phone
Lightning Charging Cable,Cord/Cable
Wired Headphones,Headphones
27in FHD Monitor,Monitor
AAA Batteries (4-pack),Batteries
27in 4K Gaming Monitor,Monitor
USB-C Charging Cable,Cord/Cable
Bose SoundSport Headphones,Headphones
Apple Airpods Headphones,Headphones
Macbook Pro Laptop,Computer
Flatscreen TV,Television
Vareebadd Phone,Phone
AA Batteries (4-pack),Batteries
Google Phone,Phone
20in Monitor,Monitor
34in Ultrawide Monitor,Monitor
ThinkPad Laptop,Computer
LG Dryer,Appliance
LG Washing Machine,Appliance
